Sl No.,ZPTC Name,Name of the Contesting Candidate,Party affiliation,Result Status,district
1,Adilabad Rural,Are Rajanna,TRS,Elected,adilabad
2,Bazarhathnoor,Mallepula Narsaiah,INC,Elected,adilabad
3,Bela,Akshitha Pawar,TRS,Elected,adilabad
4,Bheempoor,Kumra Sudakar,TRS,Elected,adilabad
5,Boath,RAJANALA SANDYARANI,TRS,Elected,adilabad
6,Gadiguda,Mesram Gangu Bai,BJP,Elected,adilabad
7,Gudihathnur,Pathangi Brahmanand,BJP,Elected,adilabad
8,Ichoda,Kadam Subhadra Bai,BJP,Elected,adilabad
9,Inderavelly,ARKA PUSHPALATHA,BJP,Elected,adilabad
10,Jainad,ARUNDHATHI TUMMALA,TRS,Elected,adilabad
11,Mavala,Nalla Vanitha,TRS,Elected,adilabad
12,Narnoor,Janardhan Rathod,TRS,Elected,adilabad
13,Neradigonda,JADHAV ANIL KUMAR,TRS,Elected,adilabad
14,Sirikonda,Kumra Chandrakala,BJP,Elected,adilabad
15,Talamadugu,GOKA GANESH REDDY,INC,Elected,adilabad
16,Tamsi,Tatipelly Gangadhar,TRS,Elected,adilabad
17,Utnur,CHARULATHA RATHOD,INC,Elected,adilabad
1,Allapalli,KOMARAM HANUMANTH,TRS,Elected,bhadradri
2,Annapureddipalle,Lalamma Bharata,TRS,Elected,bhadradri
3,Aswapuram,Sulakshana Sudireddy,TRS,Elected,bhadradri
4,Aswaraopeta,CHINNAMASETTI VARALAXMI,TRS,Elected,bhadradri
5,Burgampadu,Srilatha Kamireddy,TRS,Elected,bhadradri
6,Chandrugonda,VENKATAREDDY KONAKANDLA,INC,Elected,bhadradri
7,Cherla,IRPA SANTHA,INC,Elected,bhadradri
8,Chunchupally,Kancharla Chandrashekar rao,TRS,Elected,bhadradri
9,Dammapeta,PAIDI VENKATESWARAO,TRS,Elected,bhadradri
10,Dummugudem,TELLAM SITHAMMA,TRS,Elected,bhadradri
11,Gundala,VAGABOINA RAMAKKA,IND,Elected,bhadradri
12,Julurpad,Bhukya Kalavathi,TRS,Elected,bhadradri
13,Karakagudem,Kantharao Komaram,TRS,Elected,bhadradri
14,Laxmidevipalli,Mereddy Vasantha,IND,Elected,bhadradri
15,Manuguru,Narsimharao Posham,TRS,Elected,bhadradri
16,Mulakalapalle,SUNNAM NAGAMANI,INC,Elected,bhadradri
17,Palawancha,VASUDEVARAO BARAPATI,TRS,Elected,bhadradri
18,Pinapaka,Datla Subhadra Devi,TRS,Elected,bhadradri
19,Sujathanagar,Lavudya Bindu Chowhan,TRS,Elected,bhadradri
20,Tekulapalle,KANAKAIAH KORAM,TRS,Elected,bhadradri
21,Yellandu,UMADEVI VANKUDOTH,TRS,Elected,bhadradri
1,Beerpur,PATHA PADMA,INC,Elected,Jagtial
2,Buggaram,Badineni Rajender Reddy,TRS,Elected,Jagtial
3,Dharmapuri,BATTHINI ARUNA,TRS,Elected,Jagtial
4,Gollapalle,GOSKULA JALENDHAR,TRS,Elected,Jagtial
5,Ibrahimpatnam,KAMATAM BHARATHI,TRS,Elected,Jagtial
6,Jagityal_Rural,DAVA VASANTHA,TRS,Elected,Jagtial
7,Jagtial,SANGEPU MAHESH,TRS,Elected,Jagtial
8,Kathlapur,BHUMAIAH NAGAM,TRS,Elected,Jagtial
9,Kodimial,Punugoti Prashanthi,TRS,Elected,Jagtial
10,Koratla,Darishetty Lavanya,TRS,Unanimous,Jagtial
11,Malial,Ram Mohan rao Kondapalkula,TRS,Elected,Jagtial
12,Mallapur,Sandi reddy srinivas reddy,TRS,Elected,Jagtial
13,Medipalle,VODDINENI HARICHARAN RAO,TRS,Elected,Jagtial
14,Metpalle,Katipelly Radha sri,TRS,Elected,Jagtial
15,Pegadapalle,Kasuganti Rajendar Rao,TRS,Elected,Jagtial
16,Raikal,JADAV ASHWINI,TRS,Elected,Jagtial
17,Sarangapur,MEDIPALLI MANOHAR REDDI,TRS,Elected,Jagtial
18,Velgatoor,BODDU SUDHARANI,TRS,Unanimous,Jagtial
1,Bachannapeta,BHAGYALAXMI GIRABOINA,TRS,Elected,Jangaon
2,Chilpur,PAAGALA SAMPATH REDDY,TRS,Elected,Jangaon
3,Devaruppala,BHARAGAVI PALLA,TRS,Elected,Jangaon
4,Ganpur_stn,MARAPAKA RAVI,TRS,Elected,Jangaon
5,Jangaon,Nimmathi Deepika,TRS,Elected,Jangaon
6,Kodakandla,KELOTHU SATHEMMA,TRS,Elected,Jangaon
7,Lingalaghanpur,Gudi Vamshidhar Reddy,TRS,Elected,Jangaon
8,Narmetta,Maloth Srinivas,TRS,Elected,Jangaon
9,Palakurthi,SRINIVASA RAO PUSKURI,TRS,Elected,Jangaon
10,Raghunathpalle,BOLLAM MANIKANTA,TRS,Elected,Jangaon
11,Tharigoppula,MUDDASANI PADMAJA,TRS,Elected,Jangaon
12,Zaffergadh,BABY ILLANDULA,TRS,Elected,Jangaon
1,Bhupalpalle,KALLEPU SHOBHA,TRS,Elected,Jayashankar Bhupalpally
2,Chityal,GORRE SAGAR,TRS,Elected,Jayashankar Bhupalpally
3,Ghanapur_Mulug,Gandra Padma,AIFB,Elected,Jayashankar Bhupalpally
4,Kataram,Jakku sriharshini,TRS,Elected,Jayashankar Bhupalpally
5,Mahadevpur,GUDALA ARUNA,INC,Elected,Jayashankar Bhupalpally
6,Malharrao,AITHA KOMALA,INC,Elected,Jayashankar Bhupalpally
7,Mogullapalle,Joruka Sadaiah,TRS,Elected,Jayashankar Bhupalpally
8,Mutharam_Mahadevpur,Lingamalla Sharadha,INC,Elected,Jayashankar Bhupalpally
9,Palmela,GUNDEBOINA HEMALATHA,INC,Elected,Jayashankar Bhupalpally
10,Regonda,Saini Vijaya,TRS,Elected,Jayashankar Bhupalpally
11,Tekumatla,PULI THIRUPATHI RAEDDY,TRS,Elected,Jayashankar Bhupalpally
1,Aiza,PUSHPAMMA,TRS,Elected,Jogulamba
2,Alampur,SHAMSHAD BEGUM,TRS,Elected,Jogulamba
3,Dharur,PADMAMMA,TRS,Elected,Jogulamba
4,Gadwal,SAROJAMMA,TRS,Elected,Jogulamba
5,Ghattu,BASU SYAMALA,TRS,Elected,Jogulamba
6,Itikyal,KOPPULA HANUMANTHU REDDY,TRS,Elected,Jogulamba
7,Kaloor_Timmanadoddi,K G RAJASHEKAR,TRS,Elected,Jogulamba
8,Maldakal,Y PRABAHAKAR REDDY,TRS,Elected,Jogulamba
9,Manopad,SARITHA,TRS,Elected,Jogulamba
10,Rajoli,PDDINTI SUGUNAMMA,TRS,Elected,Jogulamba
11,Undavelli,RAMULAMMA,TRS,Elected,Jogulamba
12,Waddepalle,KASHEPOGU RAJU,TRS,Elected,Jogulamba
1,Banswada,Potula boguda Padma,TRS,Elected,Kamarreddy
2,Bhiknur,Padma thatipamula,INC,Elected,Kamarreddy
3,Bibipet,PARIKI PREM KUMAR,TRS,Elected,Kamarreddy
4,Bichkunda,NALCHAR BHARATHI,TRS,Elected,Kamarreddy
5,Birkoor,Tana buddi Swarupa,TRS,Elected,Kamarreddy
6,Domakonda,TEEGALA THIRMAL GOUD,INC,Elected,Kamarreddy
7,Gandhari,Kethavath Shankar,TRS,Elected,Kamarreddy
8,Jukkal,LAXMIBAI KOSAMBE,INC,Elected,Kamarreddy
9,Kamareddy,Rama Devi Chidura,TRS,Elected,Kamarreddy
10,Lingampet,Aleti Srilatha,INC,Elected,Kamarreddy
11,Machareddy,RAMREDDY MINUKURI,TRS,Elected,Kamarreddy
12,Madnur,Anitha Namewar,TRS,Elected,Kamarreddy
13,Naga_Reddipet,Manohar Reddy Ummannagari,INC,Elected,Kamarreddy
14,Nasurullabad,JANNUBAI SALAVATH,TRS,Elected,Kamarreddy
15,Nizamsagar,DAPEDAR SHOBHA,TRS,Elected,Kamarreddy
16,Pedda Kodapgal,CHANDRABHAGA PAKRE,TRS,Elected,Kamarreddy
17,Pitlam,ARIKELA SRINIVAS REDDY,INC,Elected,Kamarreddy
18,Rajampet,KONDA HANUMANDLU,TRS,Elected,Kamarreddy
19,Ramareddy,Nareddy Mohan Reddy,INC,Elected,Kamarreddy
20,Sadasivanagar,KAMILI NARSIMLU,TRS,Elected,Kamarreddy
21,Tadwai,RAMADEVI BATTULA,TRS,Elected,Kamarreddy
22,Yellareddy,K USHA GOUD,INC,Elected,Kamarreddy
1,Chigurumamidi,GEEKURU RAVINDER,TRS,Elected,Karimnagar
2,Choppadandi,MACHARLA SOUJANYA,TRS,Elected,Karimnagar
3,Ellandakunta,KANUMALA VIJAYA,TRS,Elected,Karimnagar
4,Gangadhara,Pulkam Anuradha,TRS,Elected,Karimnagar
5,Gannervaram,Madgula Ravinder Reddy,TRS,Elected,Karimnagar
6,Huzurabad,PADIDHAM BAKKA REDDY,TRS,Elected,Karimnagar
7,Jammikunta,SRIRAM VENKATASWAMY,TRS,Elected,Karimnagar
8,Karimnagar_Rural,Purumalla Lalitha,TRS,Elected,Karimnagar
9,Kothapalle,PITTALA KARUNA,TRS,Elected,Karimnagar
10,Manakondur,SHEKAR THALLAPALLY,TRS,Elected,Karimnagar
11,Ramadugu,MARUKONDA LAXMI,TRS,Elected,Karimnagar
12,Shankarapatnam,Lingam Pelli Srinivas Reddy,TRS,Elected,Karimnagar
13,Thimmapur,ENUKONDA SHAILAJA,TRS,Elected,Karimnagar
14,Veenavanka,MADA VANAMALA,TRS,Elected,Karimnagar
15,V_Saidapur,PERALA GOPAL RAO,TRS,Elected,Karimnagar
1,Bonakal,MODUGU SUDHEERBABU,INC,Elected,Khammam
2,Chinthakani,Parchagani Tirupati kishore,TRS,Elected,Khammam
3,Enkuru,Bujji Badavath,TRS,Elected,Khammam
4,Kalluru,AJAY KUMAR KATTA,TRS,Elected,Khammam
5,Kamepalle,Banoth Venkata Praveen Kumar Naik,INC,Elected,Khammam
6,Khammam_Rural,Yendapalli Varaprasad,TRS,Elected,Khammam
7,Konijerla,Kavitha Potla,TRS,Elected,Khammam
8,Kusumanchi,Inturi Bebi,TRS,Elected,Khammam
9,Madhira,KAMALRAJU LINGALA,TRS,Elected,Khammam
10,Mudigonda,PASUPULETI DURGA,TRS,Elected,Khammam
11,Nelakondapalle,MARIKANTI DHANALAXMI,TRS,Elected,Khammam
12,Penuballi,Chekkilala Mohan rao,TRS,Elected,Khammam
13,Raghunadhapalem,Priyanka malothu,TRS,Elected,Khammam
14,Sathupalle,Kusampudi Ramarao,TRS,Elected,Khammam
15,Singareni,Vankudoth Jagan,TRS,Elected,Khammam
16,Thallada,DIRISHALA PRAMEELA,TRS,Elected,Khammam
17,Thirumalayapalem,Bellam Srinivas,INC,Elected,Khammam
18,Vemsoor,Maroju Sumalatha,TRS,Elected,Khammam
19,Wyra,NAMBURI KANAKADURGA,TRS,Elected,Khammam
20,Yerrupalem,SEELAM KAVITHA,TRS,Elected,Khammam
1,Asifabad,ARIGELA NAGESHWER RAO,TRS,Elected,Komaram Bheem
2,Bejjur,Rudram Pushpalatha,TRS,Elected,Komaram Bheem
3,Chintalamanepally,DUBBULA SRIDEVI,TRS,Elected,Komaram Bheem
4,Dahegaon,Thallapally Srirama Rao,TRS,Elected,Komaram Bheem
5,Jainoor,Kova Laxmi,TRS,Unanimous,Komaram Bheem
6,Kagaznagar,Koneru Krishna Rao,TRS,Elected,Komaram Bheem
7,Kerameri,Sedmaki Drupatabai,TRS,Elected,Komaram Bheem
8,Kouthala,DONGRE ANUSHA,TRS,Elected,Komaram Bheem
9,Lingapur,Ade rakkabai,INC,Elected,Komaram Bheem
10,Penchikalpet,Samudhrala Saritha,TRS,Elected,Komaram Bheem
11,Rebbana,VEMULA SANTHOSH,TRS,Elected,Komaram Bheem
12,Sirpur_T,N Rekha,TRS,Elected,Komaram Bheem
13,Sirpur_U,Kova Aruna,TRS,Elected,Komaram Bheem
14,Tiryani,ATHRAM CHANDHRA SHEKAR,TRS,Elected,Komaram Bheem
15,Wankdi,Ajay Kumar Parupally,TRS,Elected,Komaram Bheem
1,Bayyaram,ANGOTH BINDU,TRS,Elected,Mahabubabad
2,Chinnagudur,Moola sunitha,TRS,Elected,Mahabubabad
3,Danthalapalle,NUKULA VENKATESHWAR REDDY,TRS,Elected,Mahabubabad
4,Dornakal,Kamala Podisetti,TRS,Elected,Mahabubabad
5,Gangaram,EESAM RAMA,INC,Elected,Mahabubabad
6,Garla,JATOTH JHANSI LAXMI,TRS,Elected,Mahabubabad
7,Gudur,GUGULOTHU SUCHITRA,TRS,Elected,Mahabubabad
8,Kesamudram,SRINATH RAVULA,TRS,Elected,Mahabubabad
9,Kothaguda,Pushpalatha Pulsam,INC,Elected,Mahabubabad
10,Kuravi,BANDI VENKATA REDDY,TRS,Elected,Mahabubabad
11,Mahabubabad,LALAVATH PRIYANKA,TRS,Elected,Mahabubabad
12,Maripeda,Sharada Thejavath,TRS,Elected,Mahabubabad
13,Narsimhulapet,BHUKYA SANGEETHA,TRS,Elected,Mahabubabad
14,Nellikudur,MEKAPOTHULA SRINIVASA REDDY,TRS,Elected,Mahabubabad
15,Peddavangara,SRIRAM JYOTHIRMAI,TRS,Elected,Mahabubabad
16,Thorrur,MANGALAPALLY SRINIVAS,TRS,Elected,Mahabubabad
1,Addakal,N Rajashekar Reddy,TRS,Elected,Mahabubanagar
2,Balanagar,JARUPALA KALYANI,TRS,Elected,Mahabubanagar
3,Bhoothpur,SALGUTI SWARNALATHA,TRS,Elected,Mahabubanagar
4,Chinna_Chintha_Kunta,VATTEM RAJESHWARI,TRS,Elected,Mahabubanagar
5,Devarkadara,ANNAPURNA GANDLA,TRS,Elected,Mahabubanagar
6,Gandeed,M Srinivas Reddy,TRS,Elected,Mahabubanagar
7,Hanwada,VIJAYA NIRMALA M MUDYALA,TRS,Elected,Mahabubanagar
8,Jadcherla,Gollapally Yadaiah,TRS,Elected,Mahabubanagar
9,Koilkonda,V Vijaya Bhaskar Reddy,TRS,Elected,Mahabubanagar
10,Mahabubnagar_Rural,PULLURI VENKATESHWARI,TRS,Elected,Mahabubanagar
11,Midjil,SHESHIRIKA,TRS,Elected,Mahabubanagar
12,Musapet,Indraiah Gaddameedi,TRS,Elected,Mahabubanagar
13,Nawabpet,MUTYALA RAVINDER REDDY,TRS,Elected,Mahabubanagar
14,Rajapur,KATRAVATH MOHAN NAIK,TRS,Elected,Mahabubanagar
1,Bellampalle,Thongala Satyanarayana,TRS,Elected,Mancherial
2,Bheemini,Pothurrajula Gangakka,INC,Elected,Mancherial
3,Bhimaram,BHUKYA THIRUMALA,IND,Elected,Mancherial
4,Chennur,MOTHE THIRUPATHI,TRS,Elected,Mancherial
5,Dandepalle,GADDAM NAGARANI,INC,Elected,Mancherial
6,Hajipur,PUSKURI SHILPA,TRS,Elected,Mancherial
7,Jaipur,MEDI SUNITHA,TRS,Elected,Mancherial
8,Jannaram,Arra Chandrashekar,TRS,Elected,Mancherial
9,Kannepalli,Koutarapu styanarayana,TRS,Elected,Mancherial
10,Kasipet,PALLE CHANDRAIAH,TRS,Elected,Mancherial
11,Kotapalle,Bhagyalaxmi Nallala,TRS,Elected,Mancherial
12,Luxettipet,MUTHE SATHAIAH,INC,Elected,Mancherial
13,Mandamarri,VELPULA RAVI,TRS,Elected,Mancherial
14,Nennal,SINGATHI SHYAMALA,TRS,Elected,Mancherial
15,Tandur,Saligama Banaiah,TRS,Elected,Mancherial
16,Vemanpalle,Rudrabatla Swarnalatha,TRS,Elected,Mancherial
1,Alladurg,DUDAGONDA SOUNDARYA,TRS,Elected,Medak
2,Chegunta,MUDAM SRINIVAS,TRS,Elected,Medak
3,Chilipched,CHILUMULA SHESHSAI REDDY,TRS,Elected,Medak
4,Havelighanpur,SUKKANNAGARI SUJATHA,TRS,Elected,Medak
5,Kowdipalle,LAMBADI KAVITHA,TRS,Elected,Medak
6,Kulcharam,MUTYAMGARI MEGAMALA,TRS,Elected,Medak
7,Manoharabad,Ryakala Hemalatha,TRS,Elected,Medak
8,Medak,MADDURI LAVANYA REDDY,TRS,Elected,Medak
9,Narsapur,Lavudya BAbya,TRS,Elected,Medak
10,Narsingi,BANAPURAM KRISHNAREDDY,TRS,Elected,Medak
11,Nizampet,PANJA VIJAY KUMAR,TRS,Elected,Medak
12,Papannapet,GADILA SHARMILA,TRS,Elected,Medak
13,Ramayampet,JERRIPOTHULA SANDHYA,TRS,Elected,Medak
14,Regode,ALIGE YADAGIRI,INC,Elected,Medak
15,Shankarampet_A,Bhuthukuri Vijaya Rama Raju,TRS,Elected,Medak
16,Shankarampet_R,PATLORI MADHAVI,TRS,Elected,Medak
17,Shivampet,PABBA MAHESH,TRS,Elected,Medak
18,Tekmal,Sarvani Saroja,INC,Elected,Medak
19,Tupran,Basvannagari Rani,TRS,Elected,Medak
20,Yeldurthy,PARVAGOUNI RAMESH GOUD,TRS,Elected,Medak
1,Ghatkesar,Mallipeddi Sharath Chandra Reddy,TRS,Elected,Medchal
2,Keesara,Besta Venkatesh,TRS,Elected,Medchal
3,Medchel,Ammagari Shailaja,TRS,Elected,Medchal
4,Mudchinthalpally,HARIVARDHAN REDDY SINGI REDDY,INC,Elected,Medchal
5,Shamirpet,ANITHA MAHANKALI,TRS,Elected,Medchal
1,Eturnagaram,JAGADEESHWAR KUSUMA,TRS,Elected,Mulugu
2,Govindaraopet,Thummala Haribabu,TRS,Elected,Mulugu
3,Kannaigudem,KARAM CHAND GANDHI NAMA,INC,Elected,Mulugu
4,Mulugu,BHAVANI SAKINALA,TRS,Elected,Mulugu
5,SS Tadvai,BADE NAGAJYOTHI,TRS,Elected,Mulugu
6,Venkatapur,GAI RUDRAMADEVI,TRS,Elected,Mulugu
7,Venkatapuram,Payam Ramana,TRS,Elected,Mulugu
8,Wazeedu,TALLADI PUSHPALATHA,TRS,Elected,Mulugu
1,Achampet,Mudavath Manthrya,TRS,Elected,Nagarkunool
2,Amrabad,Anuradha Chikkudu,INC,Elected,Nagarkunool
3,Balmoor,Vallapureddy Laxmamma,TRS,Elected,Nagarkunool
4,Bijinapalle,Thoomu haricharan reddy,TRS,Elected,Nagarkunool
5,Charakonda,T Balaji Sing,TRS,Elected,Nagarkunool
6,Kalwakurthy,POTHUGANTI BHARATH PRASAD,TRS,Elected,Nagarkunool
7,Kodair,KOTHA RAMADEVI,TRS,Elected,Nagarkunool
8,Kollapur,Jupally Bhagyamma,TRS,Elected,Nagarkunool
9,Lingal,KETHAVATH NEJAMMA,TRS,Elected,Nagarkunool
10,Nagar_Kurnool,Chikondra Srisailam,TRS,Elected,Nagarkunool
11,Padra,M Rambabu,TRS,Elected,Nagarkunool
12,Peddakothapalle,M Gouramma,TRS,Elected,Nagarkunool
13,Pentlavelli,Chittemma Marupakula,TRS,Elected,Nagarkunool
14,Tadoor,Mandaadi Rohini,INC,Elected,Nagarkunool
15,Telkapalle,Peddapally Padmavathi,TRS,Elected,Nagarkunool
16,Thimmajipeta,BANDARU DHAYAKAR REDDY,TRS,Elected,Nagarkunool
17,Uppunuthala,ANANTHA PRATHAP REDDY,TRS,Elected,Nagarkunool
18,Urkonda,SHANTHA KUMARI,TRS,Elected,Nagarkunool
19,Vangoor,K V N REDDY,INC,Elected,Nagarkunool
20,Veldanda,VIJITHA REDDY DYAPA,TRS,Elected,Nagarkunool
1,Adavi devula palli,Sevya Kurra,TRS,Elected,Nalgonda
2,Anumula_Haliya,IRIGI PEDDAIAH,TRS,Elected,Nalgonda
3,Chandampet,RAMAVATH PAVITRA,TRS,Elected,Nalgonda
4,Chandur,Karnati Venkatesham,INC,Elected,Nalgonda
5,Chinthapalle,KANKANALA PRAVEENA,TRS,Elected,Nalgonda
6,Chityala,SUNKARI DHANAMMA,TRS,Elected,Nalgonda
7,Damaracherla,AMGOTHU LALITHA,TRS,Elected,Nalgonda
8,Devarakonda,ARUNA MARUPAKULA,TRS,Elected,Nalgonda
9,Gundlapalle,MADHAVARAM DEVENDAR RAO,TRS,Elected,Nalgonda
10,Gurrampode,GALI SARITHA,TRS,Elected,Nalgonda
11,Kangal,chitla venkatesham,TRS,Elected,Nalgonda
12,Kattangoor,THARALA BALARAMULU,TRS,Elected,Nalgonda
13,Kethepalle,Boppani Swarnalatha,INC,Elected,Nalgonda
14,Kondamallapally,PASNURI SARASWATHAMMA,TRS,Elected,Nalgonda
15,Madugulapally,PULLEMLA SAIDULU,INC,Elected,Nalgonda
16,Marriguda,Pasham Surendar Reddy,TRS,Elected,Nalgonda
17,Miryalaguda,Tippana Vijayasimha Reddy,TRS,Elected,Nalgonda
18,Munugode,NARABOINA SWARUPA RANI,TRS,Elected,Nalgonda
19,Nakrekal,Mada Dhanalakshmi,TRS,Elected,Nalgonda
20,Nalgonda,Vanguri Laxmaiah,INC,Elected,Nalgonda
21,Nampalle,VENKATESHWAR REDDY ALUGOTI,TRS,Elected,Nalgonda
22,Narketpalle,BANDA NARENDER REDDY,TRS,Elected,Nalgonda
23,Neredugommu,KETHAVATH BALU,TRS,Elected,Nalgonda
24,Nidamanur,RAMESHWARI NANDIKONDA,INC,Elected,Nalgonda
25,Pedda_adiserlapalle,ALUGUBELLI SHOBHA RANI,INC,Elected,Nalgonda
26,Peddavura,ABBIDI KRISHNA REDDY,TRS,Elected,Nalgonda
27,Saligouraram,ERRA RANEELA,TRS,Elected,Nalgonda
28,Thipparthi,PASHAM RAM REDDY,TRS,Elected,Nalgonda
29,Thripuraram,DHANAVATH BHARATHI,INC,Elected,Nalgonda
30,Tirumalagiri_Sagar,AMGOTHU SURYA,TRS,Elected,Nalgonda
31,Vemulapalle,IRIGU MANGAMMA,TRS,Elected,Nalgonda
1,Damaragidda,LAVANYA,TRS,Elected,Narayanpet
2,Dhanwada,VIMALA,BJP,Elected,Narayanpet
3,Kosgi,M PRAKASH REDDY,TRS,Elected,Narayanpet
4,Krishna,ANJANAMMA,TRS,Elected,Narayanpet
5,Maddur,Raghupati reddy,INC,Elected,Narayanpet
6,Maganoor,venkatayya,TRS,Elected,Narayanpet
7,Makthal,VANAJAMMA,TRS,Elected,Narayanpet
8,Marikal,Surekha,TRS,Elected,Narayanpet
9,Narayanpet,PAADU PALLI ANJALI,TRS,Elected,Narayanpet
10,Narwa,GAVINI JYOTHI,TRS,Elected,Narayanpet
11,Utkoor,Ashok Kumar Goud,TRS,Elected,Narayanpet
1,Basar,Vasantha Ramesh,TRS,Elected,Nirmal
2,Bhainsa,SOLANKI DEEPA,TRS,Elected,Nirmal
3,Dasturabad,Santhapuri Sharadha,TRS,Elected,Nirmal
4,Dilawarpur,Takkala Ramana Reddy,INC,Elected,Nirmal
5,Kaddampeddur,Purapati Srinivasa Reddy,INC,Elected,Nirmal
6,Khanapur,AKULA RAJAMANI,INC,Elected,Nirmal
7,Kubeer,Alkathai chavan,TRS,Elected,Nirmal
8,Kuntala,KOTHAPELLY GANGAMANI,INC,Elected,Nirmal
9,Laxmanchanda,OSA RAJESHWAR,TRS,Elected,Nirmal
10,Lokeshwaram,LOLAM KALAVATHI,TRS,Elected,Nirmal
11,Mamda,RATHOD SONIYA,INC,Elected,Nirmal
12,Mudhole,Sarojani,TRS,Elected,Nirmal
13,Narsapur_G,Arugumeedi Ramayya,TRS,Elected,Nirmal
14,Nirmal,Koripelly Vijay Laxmi,TRS,Elected,Nirmal
15,Pembi,Bhukya Janu bai,IND,Elected,Nirmal
16,Sarangapur,PATTIREDDY RAJESHWER REDDY,TRS,Elected,Nirmal
17,Soan,Jeevan Reddy,TRS,Elected,Nirmal
18,Tanur,SAGARBAI,TRS,Elected,Nirmal
1,Armur,Mettu Santhosh,TRS,Elected,Nizamabad
2,Balkonda,DASARI LAVANYA,TRS,Elected,Nizamabad
3,Bheemgal,CHOUTPALLY RAVI,TRS,Elected,Nizamabad
4,Bodhan,PEDDOLLA LAXMI BAI,TRS,Elected,Nizamabad
5,Chandur,RAMAVATH AMBHAR SING,INC,Elected,Nizamabad
6,Dharpalle,JAGAN MOHAN BAJIREDDY,TRS,Elected,Nizamabad
7,Dichpalle,DASARI INDIRA,TRS,Elected,Nizamabad
8,Indalwai,GADDAM SUMANA,TRS,Elected,Nizamabad
9,Jakranpalle,THANUJA PATKURI,TRS,Elected,Nizamabad
10,Kammarpalle,PERUMANDLA RADHA,TRS,Elected,Nizamabad
11,Kotgiri,SHAMBAL SHANKAR,TRS,Elected,Nizamabad
12,Makloor,DADANNAGARI VITTAL RAO,TRS,Unanimous,Nizamabad
13,Mendora,TALARI GANGADHAR,TRS,Elected,Nizamabad
14,Mortad,Baddam Ravi,TRS,Elected,Nizamabad
15,Mosra,VIJAYA BHASKAR REDDY GUTHPE,TRS,Elected,Nizamabad
16,Mugpal,Kamala Banoth,TRS,Elected,Nizamabad
17,Mupkal,BADDAM NARSAVVA,TRS,Elected,Nizamabad
18,Nandipet,Shyamakura Yamuna Yerram,BJP,Elected,Nizamabad
19,Navipet,Neeradi Savitha,TRS,Elected,Nizamabad
20,Nizamabad_Rural,Sumalatha Bollenka,TRS,Elected,Nizamabad
21,Ranjal,VIJAYA MYAKA,BJP,Elected,Nizamabad
22,Rudrur,GANGARAM NAROJI,TRS,Elected,Nizamabad
23,Sirkonda,Mansingh Malavath,TRS,Elected,Nizamabad
24,Vailpur,ALLAKONDA BHARATHI,TRS,Elected,Nizamabad
25,Varni,BARDAVAL HARI DAS,TRS,Elected,Nizamabad
26,Yeda_Palle,MANAKALA RAJITHA,TRS,Elected,Nizamabad
27,Yergatla,Gulle Rajeshwer,INC,Elected,Nizamabad
1,Antargoan,Amula Naryana,TRS,Elected,Pedapalli
2,Dharmaram,Puskuru Padmaja,TRS,Elected,Pedapalli
3,Eligaid,MANDIGA RENUKA,TRS,Elected,Pedapalli
4,Julapalle,Boddula Laxminarsaiah,TRS,Elected,Pedapalli
5,Kamanpur,Putta Madhukar,TRS,Elected,Pedapalli
6,Manthani,TAGARAM SUMALATHA,TRS,Elected,Pedapalli
7,Mutharam_Manthani,SWARNA LATHA CHELKALA,TRS,Elected,Pedapalli
8,Odela,GANTA RAMULU,INC,Elected,Pedapalli
9,Palakurthy,Kandula Sandhya Rani,TRS,Elected,Pedapalli
10,Peddapalle,RAMURTHI BANDARI,TRS,Elected,Pedapalli
11,Ramagiri,Myadaraveni Sharadha,TRS,Elected,Pedapalli
12,Srirampur,VANGALA THIRUPATHI REDDY,TRS,Elected,Pedapalli
13,Sultanabad,MINUPALA SWAROOPA RANI,INC,Elected,Pedapalli
1,Boinpalle,Katherapaka Uma,TRS,Elected,Rajanna Sircilla
2,Chandurthi,Nagam Kumar,INC,Elected,Rajanna Sircilla
3,Ellanthakunta,Siddam Venu,TRS,Elected,Rajanna Sircilla
4,Gambhiraopeta,Komarrishetti Vijaya,TRS,Elected,Rajanna Sircilla
5,Konaraopeta,ARUNA NYALAKONDA,TRS,Elected,Rajanna Sircilla
6,Mustabad,Gundam Narsaiah,TRS,Elected,Rajanna Sircilla
7,Rudrangi,GATLA MEENAIAH,TRS,Elected,Rajanna Sircilla
8,Thangallapalle,Purmani Manjula,TRS,Elected,Rajanna Sircilla
9,Veernapalle,G Kalavathi,TRS,Elected,Rajanna Sircilla
10,Vemulawada,MAYAKALA RAVI,TRS,Elected,Rajanna Sircilla
11,Vemulawada_Rural,ASHA VANI,TRS,Elected,Rajanna Sircilla
12,Yellareddypeta,cheeti laxman rao,TRS,Elected,Rajanna Sircilla
1,Abdullapurmet,BINGI DEVADAS,INC,Elected,Ranga Reddy
2,Amangal,Anuradha Nenavath,TRS,Elected,Ranga Reddy
3,Chevella,Marpally Malathi,TRS,Elected,Ranga Reddy
4,Chowdergudem,Bangaru Swaroopa,TRS,Elected,Ranga Reddy
5,Farooqnagar,P Venkatram reddy,TRS,Elected,Ranga Reddy
6,Ibrahimpatnam,BHUPATHIGALLA MAHIPAL,INC,Elected,Ranga Reddy
7,Kadthal,Jarpula Dasharath,TRS,Elected,Ranga Reddy
8,Kandukur,BOKKA JANGAREDDY,TRS,Elected,Ranga Reddy
9,Keshampeta,VISHALA THANDRA,TRS,Elected,Ranga Reddy
10,Kondurg,edire ragamma,TRS,Elected,Ranga Reddy
11,Kothur,EMME SRILATHA,TRS,Elected,Ranga Reddy
12,Madgul,Gouravaram Prabhakar Reddy,INC,Elected,Ranga Reddy
13,Maheshwaram,Anitha Harinath Reddy Teegala,TRS,Elected,Ranga Reddy
14,Manchal,MARI NITHYA,INC,Elected,Ranga Reddy
15,Moinabad,KALE SRIKANTH KUMAR,TRS,Elected,Ranga Reddy
16,Nandigam,ETE GANESH,TRS,Elected,Ranga Reddy
17,Shabad,PATNAM AVINASH REDDY,TRS,Elected,Ranga Reddy
18,Shamshabad,NEERATI TANVI,TRS,Elected,Ranga Reddy
19,Shankarpalle,Chekurtha Govindamma,TRS,Elected,Ranga Reddy
20,Talakondapalle,UPPALA VENKATESH,AIFB,Elected,Ranga Reddy
21,Yacharam,CHINNOLLA JANGAMMA,TRS,Elected,Ranga Reddy
1,Ameenapur,SUDHAKAR REDDY GANGULA,TRS,Elected,Sangareddy
2,Andhole,KADIRABAD RAMESH,TRS,Elected,Sangareddy
3,Gummadidala,Chinna Papani Kumar Goud,TRS,Elected,Sangareddy
4,Hathanoora,anjaneyulu potlacheruvu,TRS,Elected,Sangareddy
5,Jharasangam,VINILA BEGARI,INC,Elected,Sangareddy
6,Jinnaram,Kunchala Prabhakar,TRS,Elected,Sangareddy
7,Kalher,GangareddyGari Narsimha Reddy,TRS,Elected,Sangareddy
8,Kandi,Terpolla Kondalreddy,TRS,Elected,Sangareddy
9,Kangti,Kota Lalitha,TRS,Elected,Sangareddy
10,Kohir,GARUGUBAI RAMDAS,INC,Elected,Sangareddy
11,Kondapur,PADMAVATHI PANDALA,INC,Elected,Sangareddy
12,Manoor,Pushpa Bai,TRS,Elected,Sangareddy
13,Mogdampalle,P Aruna Reddy,TRS,Elected,Sangareddy
14,Munipalli,PAITARA MEENAKSHI,TRS,Elected,Sangareddy
15,Nagalgidda,Raju rathod,TRS,Elected,Sangareddy
16,Narayankhed,KETHAVATH LAXMIBAI AS KAVITHA,TRS,Elected,Sangareddy
17,Nyalkal,BODA SWAPNA KUMARI,TRS,Elected,Sangareddy
18,Patancheruvu,BORRA SUPRAJA,TRS,Elected,Sangareddy
19,Pulkal,patlolla manju shree,TRS,Elected,Sangareddy
20,Raikode,PATLOLLA MALLIKARJU PATIL,TRS,Elected,Sangareddy
21,Sadasivpet,GADILA SRIDEVI,INC,Elected,Sangareddy
22,Sangareddy,Palpanuri Sunitha,TRS,Elected,Sangareddy
23,Sirgapoor,Malla gari Raghavareddy,TRS,Elected,Sangareddy
24,Watpalle,APARNA PATHRI,TRS,Elected,Sangareddy
25,Zahirabad,Nagishetty,INC,Elected,Sangareddy
1,Akkannapeta,BHUKYA MANGA,TRS,Elected,Siddipet
2,Bejjanki,KANAGANDLA KAVITHA,TRS,Elected,Siddipet
3,Cherial,Shette Mallesham,TRS,Elected,Siddipet
4,Chinnakodur,Veleti Rojarani,TRS,Elected,Siddipet
5,Doultabad,RANAM JYOTHI,TRS,Elected,Siddipet
6,Dubbak,KADATHALA RAVINDER,TRS,Elected,Siddipet
7,Gajwel,Panga Mallesham,TRS,Elected,Siddipet
8,Husnabad,Raireddy Rajireedy,TRS,Elected,Siddipet
9,Jagadevpur,Vanteru Sudhakar Reddy,TRS,Elected,Siddipet
10,Koheda,Shyamala Nagaraju,TRS,Elected,Siddipet
11,Komaravelly,Siliveri Siddappa,TRS,Elected,Siddipet
12,Kondapak,Ananthula Ashwini,TRS,Elected,Siddipet
13,Maddur,Kondalreddy giri,INC,Elected,Siddipet
14,Markook,Yembari Mangamma,TRS,Elected,Siddipet
15,Mirdoddi,Sukuri Laxmi,TRS,Elected,Siddipet
16,Mulugu,Jayamma Narsampally,TRS,Elected,Siddipet
17,Nangunoor,Tadsina Uma,TRS,Elected,Siddipet
18,Narayanraopet,Kumbhala Laxmi Yadamma,TRS,Elected,Siddipet
19,Raipole,LINGAIPALLY YADAGIRI,TRS,Elected,Siddipet
20,Siddipet_Rural,KOTAGIRI SRIHARI,TRS,Elected,Siddipet
21,Siddipet_Urban,Pravalika Dongala,TRS,Elected,Siddipet
22,Thoguta,GANDHARI INDRASENA REDY,TRS,Elected,Siddipet
23,Wargal,MAMINDLA BALA MALLU YADAV,TRS,Elected,Siddipet
1,Ananthagiri,KONATHAM UMA,TRS,Elected,Suryapet
2,Atmakur_S,Gopagani Venkatanarayana,TRS,Elected,Suryapet
3,Chilkur,BOLISHETTI SHIRISHA,TRS,Elected,Suryapet
4,Chinthala palem,chintareddi chandrakala,TRS,Elected,Suryapet
5,Chivvemla,BHUKYA SNJEEV NAIK,TRS,Elected,Suryapet
6,Garidepalle,Poreddy Shailaja,TRS,Elected,Suryapet
7,Huzur nagar,Saidhireddy Koppula,TRS,Elected,Suryapet
8,Jajireddigudem,Dhavula Chinaveeraprasad,TRS,Elected,Suryapet
9,Kodad,MANDALAPU KRISHNA KUMARI,TRS,Elected,Suryapet
10,Maddirala,SURAMBHA KANNA,TRS,Elected,Suryapet
11,Mattampalle,Jeghya Banothu,TRS,Elected,Suryapet
12,Mellachervu,Shagamreddy Padma,INC,Elected,Suryapet
13,Mothey,Pandhillapalli Pulla Rao,TRS,Elected,Suryapet
14,Munagala,NALLAPATI PRAMEELA,TRS,Elected,Suryapet
15,Nadigudem,Banala Kavitha,TRS,Elected,Suryapet
16,Nagaram,INDIRA KADIYAM,INC,Elected,Suryapet
17,Neredcherla,R Narsaiah,TRS,Elected,Suryapet
18,Noothankal,KANDALA DAMODER REDDY,TRS,Elected,Suryapet
19,Palakeedu,Malothu Bujji,INC,Elected,Suryapet
20,Penpahad,Anitha Mamidi,TRS,Elected,Suryapet
21,Suryapet,BIXAM JEEDI,TRS,Elected,Suryapet
22,Thirumalagiri,DHUPATI ANJALI,TRS,Elected,Suryapet
23,Thungathurthi,GUJJA DEEPIKA,TRS,Elected,Suryapet
1,Bantwaram,Santhosha Kotapally,INC,Elected,Vikarabad
2,Basheerabad,SRINIVAS REDDY,TRS,Elected,Vikarabad
3,Bomraspeta,Chowhan Aruna Deshu,TRS,Elected,Vikarabad
4,Dharur,KOSNAM SUJATHA,TRS,Elected,Vikarabad
5,Doma,KoppulaVenkata Naagi Reddy,TRS,Elected,Vikarabad
6,Doulatabad,KOTLA MAHIPAL,TRS,Elected,Vikarabad
7,Kodangal,NAGARANI AVUTI,TRS,Elected,Vikarabad
8,Kotepally,Patnam Sunitha,TRS,Elected,Vikarabad
9,Kulkacharla,KATRAVATH RAMDAS,TRS,Elected,Vikarabad
10,Marpalle,Pachhe Madhukar,TRS,Elected,Vikarabad
11,Mominpet,Baindla Vijay Kumar,TRS,Elected,Vikarabad
12,Nawabpet,KALE JAYAMMA,TRS,Elected,Vikarabad
13,Pargi,PATLOLLA HARIPRIYA,TRS,Elected,Vikarabad
14,Peddemul,DHARASINGH NAIK,INC,Elected,Vikarabad
15,Pudur,MALIPEDDI MEGHAMALA,TRS,Elected,Vikarabad
16,Tandur,GOUDI MANJULA,TRS,Elected,Vikarabad
17,Vikarabad,Pramodhini,INC,Elected,Vikarabad
18,Yelal,SIDRALA SANDHYA RANI,TRS,Elected,Vikarabad
1,Atmakur,R SHIVARANGINI,TRS,Elected,Wanaparthy
2,Chinnambavi,K Venkatrammama,TRS,Elected,Wanaparthy
3,Ghanpur,Samya,TRS,Elected,Wanaparthy
4,Gopalpeta,MANDA BHARGAVI,TRS,Elected,Wanaparthy
5,Kothakota,Vaman Goud,TRS,Elected,Wanaparthy
6,Madanapur,Krishnaiah,TRS,Elected,Wanaparthy
7,Pangal,Katravath Laxmi,TRS,Elected,Wanaparthy
8,Pebbair,PEDDHINTI PADMA,TRS,Elected,Wanaparthy
9,Peddamandadi,Raghupathi reddy,TRS,Elected,Wanaparthy
10,Revelly,Pedda Bimaiah,TRS,Elected,Wanaparthy
11,Srirangapur,M RAJENDRAPRASAD,INC,Elected,Wanaparthy
12,Wanaparthy,RAKASI LOKANATH REDDY,TRS,Elected,Wanaparthy
13,Weepangandla,Suragoni Madhuri,TRS,Elected,Wanaparthy
1,Atmakur,Radhika kakkerla,TRS,Elected,Warangal
2,Chennaraopeta,BANOTHU PATHINAYAK,TRS,Elected,Warangal
3,Damera,Garige Kalpana,TRS,Elected,Warangal
4,Duggondi,srinivas akula,TRS,Elected,Warangal
5,Geesugonda,police dharma rao,TRS,Elected,Warangal
6,Khanapur,Swapna Bathini,TRS,Elected,Warangal
7,Nadikuda,Kodepaka Sumalatha,TRS,Elected,Warangal
8,Nallabelly,SWAPNA PEDDI,TRS,Elected,Warangal
9,Narsampet,Komandla Jayamma,TRS,Elected,Warangal
10,Nekkonda,LAVUDY SAROJA,TRS,Elected,Warangal
11,Parkal,Mogili Siluveru,TRS,Elected,Warangal
12,Parvathagiri,BANOTHU SINGALAAL,TRS,Elected,Warangal
13,Raiparthy,KUMARASWAMY RANGU,TRS,Elected,Warangal
14,Sangem,GUDA SUDHARSHAN,TRS,Elected,Warangal
15,Shayampet,Gandra Jyothi,TRS,Elected,Warangal
16,Wardhannapet,BIXAPATHI MARGAM,TRS,Elected,Warangal
1,Addagudur,JYOTHI SRIRAMULA,TRS,Elected,Yadadri Bhuvanagiri
2,Alair,Kududhula Nagesh,INC,Elected,Yadadri Bhuvanagiri
3,Atmakur_M,KODITYALA NARENDER GUPTA,INC,Elected,Yadadri Bhuvanagiri
4,Bhongiri,SUBURU BEERUMALLAIAH,TRS,Elected,Yadadri Bhuvanagiri
5,Bibinagar,GOLI PRANEETHA REDDY,TRS,Elected,Yadadri Bhuvanagiri
6,Bommalaramaram,ALIMINETI SANDEEP REDDY,TRS,Elected,Yadadri Bhuvanagiri
7,Choutuppal,Chilukuri Prabhakar Reddy,INC,Elected,Yadadri Bhuvanagiri
8,Gundala,Kolukonda Laxmi,TRS,Elected,Yadadri Bhuvanagiri
9,Mootakondur,PALLA VENKAT REDDY,TRS,Elected,Yadadri Bhuvanagiri
10,Mothkur,SHARADHA GORUPALLI,TRS,Elected,Yadadri Bhuvanagiri
11,Narayanapur,Veeramalla Bhanu,TRS,Elected,Yadadri Bhuvanagiri
12,Pochampalle,Kota Pushphalatha,TRS,Elected,Yadadri Bhuvanagiri
13,Rajapet,Chamakura Gopal,TRS,Elected,Yadadri Bhuvanagiri
14,Ramannapeta,PUNNA LAXMI,INC,Elected,Yadadri Bhuvanagiri
15,Turkapalle_M,DHANAVATH BEEKU,TRS,Elected,Yadadri Bhuvanagiri
16,Valigonda,VAKITI PADMA,INC,Elected,Yadadri Bhuvanagiri
17,Yadagirigutta,THOTAKURI ANURADHA,TRS,Elected,Yadadri Bhuvanagiri